{
	"DrawInCenter": false,
	"HoverTimeout": 0,
	"ID": 4,
	"ItemRotation": 0,
	"Items": [
		{
			"Actions": [
				{
					"Activation": {
						"IsAirborne": 0,
						"IsCombat": 0,
						"IsCommander": 0,
						"IsCompetitive": 0,
						"IsGameplay": 0,
						"IsInstance": 0,
						"IsMapOpen": 0,
						"IsMounted": 0,
						"IsOnWaterSurface": 0,
						"IsTextboxActive": 0,
						"IsUnderwater": 0
					},
					"Identifier": 182,
					"OnlyExecuteIfPrevious": false,
					"Type": 2
				},
				{
					"Activation": {
						"IsAirborne": 0,
						"IsCombat": 0,
						"IsCommander": 0,
						"IsCompetitive": 0,
						"IsGameplay": 0,
						"IsInstance": 0,
						"IsMapOpen": 0,
						"IsMounted": 0,
						"IsOnWaterSurface": 0,
						"IsTextboxActive": 0,
						"IsUnderwater": 0
					},
					"Identifier": 171,
					"OnlyExecuteIfPrevious": false,
					"Type": 2
				}
			],
			"Activation": {
				"IsAirborne": 0,
				"IsCombat": 1,
				"IsCommander": 0,
				"IsCompetitive": 0,
				"IsGameplay": 0,
				"IsInstance": 0,
				"IsMapOpen": 0,
				"IsMounted": 0,
				"IsOnWaterSurface": 0,
				"IsTextboxActive": 0,
				"IsUnderwater": 0
			},
			"ActivationTimeout": 30,
			"Color": 4294967295,
			"ColorHover": 4282630389,
			"IconType": 1,
			"IconValue": "addons\\RadialMenus\\icons\\builds\\1.png",
			"Name": "Build 1",
			"Visibility": {
				"IsAirborne": 0,
				"IsCombat": 0,
				"IsCommander": 0,
				"IsCompetitive": 0,
				"IsGameplay": 0,
				"IsInstance": 0,
				"IsMapOpen": 0,
				"IsMounted": 0,
				"IsOnWaterSurface": 0,
				"IsTextboxActive": 0,
				"IsUnderwater": 0
			}
		},
		{
			"Actions": [
				{
					"Activation": {
						"IsAirborne": 0,
						"IsCombat": 0,
						"IsCommander": 0,
						"IsCompetitive": 0,
						"IsGameplay": 0,
						"IsInstance": 0,
						"IsMapOpen": 0,
						"IsMounted": 0,
						"IsOnWaterSurface": 0,
						"IsTextboxActive": 0,
						"IsUnderwater": 0
					},
					"Identifier": 183,
					"OnlyExecuteIfPrevious": false,
					"Type": 2
				},
				{
					"Activation": {
						"IsAirborne": 0,
						"IsCombat": 0,
						"IsCommander": 0,
						"IsCompetitive": 0,
						"IsGameplay": 0,
						"IsInstance": 0,
						"IsMapOpen": 0,
						"IsMounted": 0,
						"IsOnWaterSurface": 0,
						"IsTextboxActive": 0,
						"IsUnderwater": 0
					},
					"Identifier": 172,
					"OnlyExecuteIfPrevious": false,
					"Type": 2
				}
			],
			"Activation": {
				"IsAirborne": 0,
				"IsCombat": 1,
				"IsCommander": 0,
				"IsCompetitive": 0,
				"IsGameplay": 0,
				"IsInstance": 0,
				"IsMapOpen": 0,
				"IsMounted": 0,
				"IsOnWaterSurface": 0,
				"IsTextboxActive": 0,
				"IsUnderwater": 0
			},
			"ActivationTimeout": 30,
			"Color": 4294967295,
			"ColorHover": 4282630389,
			"IconType": 1,
			"IconValue": "addons\\RadialMenus\\icons\\builds\\2.png",
			"Name": "Build 2",
			"Visibility": {
				"IsAirborne": 0,
				"IsCombat": 0,
				"IsCommander": 0,
				"IsCompetitive": 0,
				"IsGameplay": 0,
				"IsInstance": 0,
				"IsMapOpen": 0,
				"IsMounted": 0,
				"IsOnWaterSurface": 0,
				"IsTextboxActive": 0,
				"IsUnderwater": 0
			}
		},
		{
			"Actions": [
				{
					"Activation": {
						"IsAirborne": 0,
						"IsCombat": 0,
						"IsCommander": 0,
						"IsCompetitive": 0,
						"IsGameplay": 0,
						"IsInstance": 0,
						"IsMapOpen": 0,
						"IsMounted": 0,
						"IsOnWaterSurface": 0,
						"IsTextboxActive": 0,
						"IsUnderwater": 0
					},
					"Identifier": 184,
					"OnlyExecuteIfPrevious": false,
					"Type": 2
				},
				{
					"Activation": {
						"IsAirborne": 0,
						"IsCombat": 0,
						"IsCommander": 0,
						"IsCompetitive": 0,
						"IsGameplay": 0,
						"IsInstance": 0,
						"IsMapOpen": 0,
						"IsMounted": 0,
						"IsOnWaterSurface": 0,
						"IsTextboxActive": 0,
						"IsUnderwater": 0
					},
					"Identifier": 173,
					"OnlyExecuteIfPrevious": false,
					"Type": 2
				}
			],
			"Activation": {
				"IsAirborne": 0,
				"IsCombat": 1,
				"IsCommander": 0,
				"IsCompetitive": 0,
				"IsGameplay": 0,
				"IsInstance": 0,
				"IsMapOpen": 0,
				"IsMounted": 0,
				"IsOnWaterSurface": 0,
				"IsTextboxActive": 0,
				"IsUnderwater": 0
			},
			"ActivationTimeout": 30,
			"Color": 4294967295,
			"ColorHover": 4282630389,
			"IconType": 1,
			"IconValue": "addons\\RadialMenus\\icons\\builds\\3.png",
			"Name": "Build 3",
			"Visibility": {
				"IsAirborne": 0,
				"IsCombat": 0,
				"IsCommander": 0,
				"IsCompetitive": 0,
				"IsGameplay": 0,
				"IsInstance": 0,
				"IsMapOpen": 0,
				"IsMounted": 0,
				"IsOnWaterSurface": 0,
				"IsTextboxActive": 0,
				"IsUnderwater": 0
			}
		},
		{
			"Actions": [
				{
					"Activation": {
						"IsAirborne": 0,
						"IsCombat": 0,
						"IsCommander": 0,
						"IsCompetitive": 0,
						"IsGameplay": 0,
						"IsInstance": 0,
						"IsMapOpen": 0,
						"IsMounted": 0,
						"IsOnWaterSurface": 0,
						"IsTextboxActive": 0,
						"IsUnderwater": 0
					},
					"Identifier": 185,
					"OnlyExecuteIfPrevious": false,
					"Type": 2
				},
				{
					"Activation": {
						"IsAirborne": 0,
						"IsCombat": 0,
						"IsCommander": 0,
						"IsCompetitive": 0,
						"IsGameplay": 0,
						"IsInstance": 0,
						"IsMapOpen": 0,
						"IsMounted": 0,
						"IsOnWaterSurface": 0,
						"IsTextboxActive": 0,
						"IsUnderwater": 0
					},
					"Identifier": 174,
					"OnlyExecuteIfPrevious": false,
					"Type": 2
				}
			],
			"Activation": {
				"IsAirborne": 0,
				"IsCombat": 1,
				"IsCommander": 0,
				"IsCompetitive": 0,
				"IsGameplay": 0,
				"IsInstance": 0,
				"IsMapOpen": 0,
				"IsMounted": 0,
				"IsOnWaterSurface": 0,
				"IsTextboxActive": 0,
				"IsUnderwater": 0
			},
			"ActivationTimeout": 30,
			"Color": 4294967295,
			"ColorHover": 4282630389,
			"IconType": 1,
			"IconValue": "addons\\RadialMenus\\icons\\builds\\4.png",
			"Name": "Build 4",
			"Visibility": {
				"IsAirborne": 0,
				"IsCombat": 0,
				"IsCommander": 0,
				"IsCompetitive": 0,
				"IsGameplay": 0,
				"IsInstance": 0,
				"IsMapOpen": 0,
				"IsMounted": 0,
				"IsOnWaterSurface": 0,
				"IsTextboxActive": 0,
				"IsUnderwater": 0
			}
		},
		{
			"Actions": [
				{
					"Activation": {
						"IsAirborne": 0,
						"IsCombat": 0,
						"IsCommander": 0,
						"IsCompetitive": 0,
						"IsGameplay": 0,
						"IsInstance": 0,
						"IsMapOpen": 0,
						"IsMounted": 0,
						"IsOnWaterSurface": 0,
						"IsTextboxActive": 0,
						"IsUnderwater": 0
					},
					"Identifier": 186,
					"OnlyExecuteIfPrevious": false,
					"Type": 2
				},
				{
					"Activation": {
						"IsAirborne": 0,
						"IsCombat": 0,
						"IsCommander": 0,
						"IsCompetitive": 0,
						"IsGameplay": 0,
						"IsInstance": 0,
						"IsMapOpen": 0,
						"IsMounted": 0,
						"IsOnWaterSurface": 0,
						"IsTextboxActive": 0,
						"IsUnderwater": 0
					},
					"Identifier": 175,
					"OnlyExecuteIfPrevious": false,
					"Type": 2
				}
			],
			"Activation": {
				"IsAirborne": 0,
				"IsCombat": 1,
				"IsCommander": 0,
				"IsCompetitive": 0,
				"IsGameplay": 0,
				"IsInstance": 0,
				"IsMapOpen": 0,
				"IsMounted": 0,
				"IsOnWaterSurface": 0,
				"IsTextboxActive": 0,
				"IsUnderwater": 0
			},
			"ActivationTimeout": 30,
			"Color": 4294967295,
			"ColorHover": 4282630389,
			"IconType": 1,
			"IconValue": "addons\\RadialMenus\\icons\\builds\\5.png",
			"Name": "Build 5",
			"Visibility": {
				"IsAirborne": 0,
				"IsCombat": 0,
				"IsCommander": 0,
				"IsCompetitive": 0,
				"IsGameplay": 0,
				"IsInstance": 0,
				"IsMapOpen": 0,
				"IsMounted": 0,
				"IsOnWaterSurface": 0,
				"IsTextboxActive": 0,
				"IsUnderwater": 0
			}
		},
		{
			"Actions": [
				{
					"Activation": {
						"IsAirborne": 0,
						"IsCombat": 0,
						"IsCommander": 0,
						"IsCompetitive": 0,
						"IsGameplay": 0,
						"IsInstance": 0,
						"IsMapOpen": 0,
						"IsMounted": 0,
						"IsOnWaterSurface": 0,
						"IsTextboxActive": 0,
						"IsUnderwater": 0
					},
					"Identifier": 187,
					"OnlyExecuteIfPrevious": false,
					"Type": 2
				},
				{
					"Activation": {
						"IsAirborne": 0,
						"IsCombat": 0,
						"IsCommander": 0,
						"IsCompetitive": 0,
						"IsGameplay": 0,
						"IsInstance": 0,
						"IsMapOpen": 0,
						"IsMounted": 0,
						"IsOnWaterSurface": 0,
						"IsTextboxActive": 0,
						"IsUnderwater": 0
					},
					"Identifier": 176,
					"OnlyExecuteIfPrevious": false,
					"Type": 2
				}
			],
			"Activation": {
				"IsAirborne": 0,
				"IsCombat": 1,
				"IsCommander": 0,
				"IsCompetitive": 0,
				"IsGameplay": 0,
				"IsInstance": 0,
				"IsMapOpen": 0,
				"IsMounted": 0,
				"IsOnWaterSurface": 0,
				"IsTextboxActive": 0,
				"IsUnderwater": 0
			},
			"ActivationTimeout": 30,
			"Color": 4294967295,
			"ColorHover": 4282630389,
			"IconType": 1,
			"IconValue": "addons\\RadialMenus\\icons\\builds\\6.png",
			"Name": "Build 6",
			"Visibility": {
				"IsAirborne": 0,
				"IsCombat": 0,
				"IsCommander": 0,
				"IsCompetitive": 0,
				"IsGameplay": 0,
				"IsInstance": 0,
				"IsMapOpen": 0,
				"IsMounted": 0,
				"IsOnWaterSurface": 0,
				"IsTextboxActive": 0,
				"IsUnderwater": 0
			}
		},
		{
			"Actions": [
				{
					"Activation": {
						"IsAirborne": 0,
						"IsCombat": 0,
						"IsCommander": 0,
						"IsCompetitive": 0,
						"IsGameplay": 0,
						"IsInstance": 0,
						"IsMapOpen": 0,
						"IsMounted": 0,
						"IsOnWaterSurface": 0,
						"IsTextboxActive": 0,
						"IsUnderwater": 0
					},
					"Identifier": 188,
					"OnlyExecuteIfPrevious": false,
					"Type": 2
				},
				{
					"Activation": {
						"IsAirborne": 0,
						"IsCombat": 0,
						"IsCommander": 0,
						"IsCompetitive": 0,
						"IsGameplay": 0,
						"IsInstance": 0,
						"IsMapOpen": 0,
						"IsMounted": 0,
						"IsOnWaterSurface": 0,
						"IsTextboxActive": 0,
						"IsUnderwater": 0
					},
					"Identifier": 177,
					"OnlyExecuteIfPrevious": false,
					"Type": 2
				}
			],
			"Activation": {
				"IsAirborne": 0,
				"IsCombat": 1,
				"IsCommander": 0,
				"IsCompetitive": 0,
				"IsGameplay": 0,
				"IsInstance": 0,
				"IsMapOpen": 0,
				"IsMounted": 0,
				"IsOnWaterSurface": 0,
				"IsTextboxActive": 0,
				"IsUnderwater": 0
			},
			"ActivationTimeout": 30,
			"Color": 4294967295,
			"ColorHover": 4282630389,
			"IconType": 1,
			"IconValue": "addons\\RadialMenus\\icons\\builds\\7.png",
			"Name": "Build 7",
			"Visibility": {
				"IsAirborne": 0,
				"IsCombat": 0,
				"IsCommander": 0,
				"IsCompetitive": 0,
				"IsGameplay": 0,
				"IsInstance": 0,
				"IsMapOpen": 0,
				"IsMounted": 0,
				"IsOnWaterSurface": 0,
				"IsTextboxActive": 0,
				"IsUnderwater": 0
			}
		},
		{
			"Actions": [
				{
					"Activation": {
						"IsAirborne": 0,
						"IsCombat": 0,
						"IsCommander": 0,
						"IsCompetitive": 0,
						"IsGameplay": 0,
						"IsInstance": 0,
						"IsMapOpen": 0,
						"IsMounted": 0,
						"IsOnWaterSurface": 0,
						"IsTextboxActive": 0,
						"IsUnderwater": 0
					},
					"Identifier": 189,
					"OnlyExecuteIfPrevious": false,
					"Type": 2
				},
				{
					"Activation": {
						"IsAirborne": 0,
						"IsCombat": 0,
						"IsCommander": 0,
						"IsCompetitive": 0,
						"IsGameplay": 0,
						"IsInstance": 0,
						"IsMapOpen": 0,
						"IsMounted": 0,
						"IsOnWaterSurface": 0,
						"IsTextboxActive": 0,
						"IsUnderwater": 0
					},
					"Identifier": 178,
					"OnlyExecuteIfPrevious": false,
					"Type": 2
				}
			],
			"Activation": {
				"IsAirborne": 0,
				"IsCombat": 1,
				"IsCommander": 0,
				"IsCompetitive": 0,
				"IsGameplay": 0,
				"IsInstance": 0,
				"IsMapOpen": 0,
				"IsMounted": 0,
				"IsOnWaterSurface": 0,
				"IsTextboxActive": 0,
				"IsUnderwater": 0
			},
			"ActivationTimeout": 30,
			"Color": 4294967295,
			"ColorHover": 4282630389,
			"IconType": 1,
			"IconValue": "addons\\RadialMenus\\icons\\builds\\8.png",
			"Name": "Build 8",
			"Visibility": {
				"IsAirborne": 0,
				"IsCombat": 0,
				"IsCommander": 0,
				"IsCompetitive": 0,
				"IsGameplay": 0,
				"IsInstance": 0,
				"IsMapOpen": 0,
				"IsMounted": 0,
				"IsOnWaterSurface": 0,
				"IsTextboxActive": 0,
				"IsUnderwater": 0
			}
		},
		{
			"Actions": [
				{
					"Activation": {
						"IsAirborne": 0,
						"IsCombat": 0,
						"IsCommander": 0,
						"IsCompetitive": 0,
						"IsGameplay": 0,
						"IsInstance": 0,
						"IsMapOpen": 0,
						"IsMounted": 0,
						"IsOnWaterSurface": 0,
						"IsTextboxActive": 0,
						"IsUnderwater": 0
					},
					"Identifier": "",
					"OnlyExecuteIfPrevious": false,
					"Type": 1
				},
				{
					"Activation": {
						"IsAirborne": 0,
						"IsCombat": 0,
						"IsCommander": 0,
						"IsCompetitive": 0,
						"IsGameplay": 0,
						"IsInstance": 0,
						"IsMapOpen": 0,
						"IsMounted": 0,
						"IsOnWaterSurface": 0,
						"IsTextboxActive": 0,
						"IsUnderwater": 0
					},
					"Identifier": "",
					"OnlyExecuteIfPrevious": false,
					"Type": 1
				}
			],
			"Activation": {
				"IsAirborne": 0,
				"IsCombat": 1,
				"IsCommander": 0,
				"IsCompetitive": 0,
				"IsGameplay": 0,
				"IsInstance": 0,
				"IsMapOpen": 0,
				"IsMounted": 0,
				"IsOnWaterSurface": 0,
				"IsTextboxActive": 0,
				"IsUnderwater": 0
			},
			"ActivationTimeout": 30,
			"Color": 4294967295,
			"ColorHover": 4282630389,
			"IconType": 1,
			"IconValue": "addons\\RadialMenus\\icons\\builds\\9.png",
			"Name": "Build 9",
			"Visibility": {
				"IsAirborne": 0,
				"IsCombat": 0,
				"IsCommander": 0,
				"IsCompetitive": 0,
				"IsGameplay": 0,
				"IsInstance": 0,
				"IsMapOpen": 0,
				"IsMounted": 0,
				"IsOnWaterSurface": 0,
				"IsTextboxActive": 0,
				"IsUnderwater": 0
			}
		}
	],
	"Name": "Builds",
	"RestoreCursor": false,
	"Scale": 1.0,
	"SelectionMode": 3,
	"Type": 1
}
